{   "parent": "block/block",
    "ambientocclusion": false,
    "textures": {
        "beacon_glass": "blocks/beacon_glass",
        "beacon": "blocks/beacon",
        "beacon_obsidian": "blocks/beacon_obsidian",
        "particle": "blocks/beacon_glass",
        "beacon_obsidian_side": "blocks/beacon_obsidian_side"
    },
    "elements": [
        {
            "from": [0,1,0],
            "to": [1,15,1],
            "faces": {
                "west": {
                    "texture": "#beacon_glass",
                    "cullface": "west"
                },
                "east": {
                    "uv": [15.0,1.0,16.0,15.0],
                    "texture": "#beacon_glass"
                },
                "north": {
                    "uv": [15.0,1.0,16.0,15.0],
                    "texture": "#beacon_glass",
                    "cullface": "north"
                },
                "south": {
                    "texture": "#beacon_glass"
                }
            }
        },
        {
            "from": [0,1,15],
            "to": [1,15,16],
            "faces": {
                "west": {
                    "texture": "#beacon_glass",
                    "cullface": "west"
                },
                "east": {
                    "uv": [0.0,1.0,1.0,15.0],
                    "texture": "#beacon_glass"
                },
                "north": {
                    "uv": [15.0,1.0,16.0,15.0],
                    "texture": "#beacon_glass"
                },
                "south": {
                    "texture": "#beacon_glass",
                    "cullface": "south"
                }
            }
        },
        {
            "from": [15,1,15],
            "to": [16,15,16],
            "faces": {
                "west": {
                    "texture": "#beacon_glass"
                },
                "east": {
                    "uv": [0.0,1.0,1.0,15.0],
                    "texture": "#beacon_glass",
                    "cullface": "east"
                },
                "north": {
                    "uv": [0.0,1.0,1.0,15.0],
                    "texture": "#beacon_glass"
                },
                "south": {
                    "texture": "#beacon_glass",
                    "cullface": "south"
                }
            }
        },
        {
            "from": [15,1,0],
            "to": [16,15,1],
            "faces": {
                "west": {
                    "texture": "#beacon_glass"
                },
                "east": {
                    "uv": [15.0,1.0,16.0,15.0],
                    "texture": "#beacon_glass",
                    "cullface": "east"
                },
                "north": {
                    "uv": [0.0,1.0,1.0,15.0],
                    "texture": "#beacon_glass",
                    "cullface": "north"
                },
                "south": {
                    "texture": "#beacon_glass"
                }
            }
        },
        {
            "from": [1,15,15],
            "to": [15,16,16],
            "faces": {
                "up": {
                    "uv": [1.0,0.0,15.0,1.0],
                    "texture": "#beacon_glass",
                    "cullface": "up"
                },
                "down": {
                    "texture": "#beacon_glass"
                },
                "north": {
                    "texture": "#beacon_glass"
                },
                "south": {
                    "texture": "#beacon_glass",
                    "cullface": "south"
                }
            }
        },
        {
            "from": [1,15,0],
            "to": [15,16,1],
            "faces": {
                "up": {
                    "uv": [1.0,15.0,15.0,16.0],
                    "texture": "#beacon_glass",
                    "cullface": "up"
                },
                "down": {
                    "texture": "#beacon_glass"
                },
                "north": {
                    "texture": "#beacon_glass",
                    "cullface": "north"
                },
                "south": {
                    "texture": "#beacon_glass"
                }
            }
        },
        {
            "from": [0,15,0],
            "to": [1,16,16],
            "faces": {
                "up": {
                    "uv": [15.0,0.0,16.0,16.0],
                    "texture": "#beacon_glass",
                    "cullface": "up"
                },
                "down": {
                    "uv": [15.0,0.0,16.0,16.0],
                    "texture": "#beacon_glass"
                },
                "west": {
                    "texture": "#beacon_glass",
                    "cullface": "west"
                },
                "east": {
                    "texture": "#beacon_glass"
                },
                "north": {
                    "uv": [15.0,0.0,16.0,1.0],
                    "texture": "#beacon_glass",
                    "cullface": "north"
                },
                "south": {
                    "texture": "#beacon_glass",
                    "cullface": "south"
                }
            }
        },
        {
            "from": [15,15,0],
            "to": [16,16,16],
            "faces": {
                "up": {
                    "uv": [0.0,0.0,1.0,16.0],
                    "texture": "#beacon_glass",
                    "cullface": "up"
                },
                "down": {
                    "uv": [0.0,0.0,1.0,16.0],
                    "texture": "#beacon_glass"
                },
                "west": {
                    "texture": "#beacon_glass"
                },
                "east": {
                    "texture": "#beacon_glass",
                    "cullface": "east"
                },
                "north": {
                    "uv": [0.0,0.0,1.0,1.0],
                    "texture": "#beacon_glass",
                    "cullface": "north"
                },
                "south": {
                    "texture": "#beacon_glass",
                    "cullface": "south"
                }
            }
        },
        {
            "from": [1,0,0],
            "to": [15,1,1],
            "faces": {
                "up": {
                    "uv": [1.0,15.0,15.0,16.0],
                    "texture": "#beacon_glass"
                },
                "down": {
                    "texture": "#beacon_glass",
                    "cullface": "down"
                },
                "north": {
                    "texture": "#beacon_glass",
                    "cullface": "north"
                },
                "south": {
                    "texture": "#beacon_glass"
                }
            }
        },
        {
            "from": [1,0,15],
            "to": [15,1,16],
            "faces": {
                "up": {
                    "uv": [1.0,0.0,15.0,1.0],
                    "texture": "#beacon_glass"
                },
                "down": {
                    "texture": "#beacon_glass",
                    "cullface": "down"
                },
                "north": {
                    "texture": "#beacon_glass"
                },
                "south": {
                    "texture": "#beacon_glass",
                    "cullface": "south"
                }
            }
        },
        {
            "from": [0,0,0],
            "to": [1,1,16],
            "faces": {
                "up": {
                    "uv": [15.0,0.0,16.0,16.0],
                    "texture": "#beacon_glass"
                },
                "down": {
                    "uv": [15.0,0.0,16.0,16.0],
                    "texture": "#beacon_glass",
                    "cullface": "down"
                },
                "west": {
                    "texture": "#beacon_glass",
                    "cullface": "west"
                },
                "east": {
                    "texture": "#beacon_glass"
                },
                "north": {
                    "uv": [15.0,15.0,16.0,16.0],
                    "texture": "#beacon_glass",
                    "cullface": "north"
                },
                "south": {
                    "texture": "#beacon_glass",
                    "cullface": "south"
                }
            }
        },
        {
            "from": [15,0,0],
            "to": [16,1,16],
            "faces": {
                "up": {
                    "uv": [0.0,0.0,1.0,16.0],
                    "texture": "#beacon_glass"
                },
                "down": {
                    "texture": "#beacon_glass",
                    "cullface": "down"
                },
                "west": {
                    "texture": "#beacon_glass"
                },
                "east": {
                    "texture": "#beacon_glass",
                    "cullface": "east"
                },
                "north": {
                    "uv": [0.0,15.0,1.0,16.0],
                    "texture": "#beacon_glass",
                    "cullface": "north"
                },
                "south": {
                    "texture": "#beacon_glass",
                    "cullface": "south"
                }
            }
        },
        {
            "from": [2,0,2],
            "to": [14,3,14],
            "faces": {
                "up": {
                    "texture": "#beacon_obsidian"
                },
                "down": {
                    "uv": [2.0,14.0,14.0,2.0],
                    "texture": "#beacon_obsidian",
                    "cullface": "down"
                },
                "west": {
                    "texture": "#beacon_obsidian_side"
                },
                "east": {
                    "texture": "#beacon_obsidian_side"
                },
                "north": {
                    "texture": "#beacon_obsidian_side"
                },
                "south": {
                    "texture": "#beacon_obsidian_side"
                }
            }
        },
        {
            "from": [3,3,3],
            "to": [13,13,13],
            "faces": {
                "up": {
                    "texture": "#beacon"
                },
                "down": {
                    "uv": [3.0,13.0,13.0,3.0],
                    "texture": "#beacon"
                },
                "west": {
                    "texture": "#beacon"
                },
                "east": {
                    "texture": "#beacon"
                },
                "north": {
                    "texture": "#beacon"
                },
                "south": {
                    "texture": "#beacon"
                }
            }
        }
    ]
}