{
    "ambientocclusion": false,
    "textures": {
        "side": "blocks/cauldron_side_3",
        "top": "blocks/cauldron_top",
        "bottom": "blocks/cauldron_bottom",
        "particle": "blocks/cauldron_side_3",
        "inside": "blocks/cauldron_inner",
        "wall": "blocks/cauldron_inside_wall",
        "foot": "blocks/cauldron_foot",
        "water": "blocks/water_still"
    },
    "elements": [
        {
            "from": [0,3,0],
            "to": [2,16,16],
            "faces": {
                "up": {
                    "texture": "#top",
                    "cullface": "up"
                },
                "down": {
                    "texture": "#top"
                },
                "west": {
                    "texture": "#side",
                    "cullface": "west"
                },
                "east": {
                    "texture": "#wall"
                },
                "north": {
                    "uv": [14,0,16,13],
                    "texture": "#side",
                    "cullface": "north"
                },
                "south": {
                    "texture": "#side",
                    "cullface": "south"
                }
            }
        },
        {
            "from": [2,3,2],
            "to": [14,4,14],
            "faces": {
                "up": {
                    "uv": [2,2,14,14],
                    "texture": "#inside",
                    "cullface": "up"
                },
                "down": {
                    "uv": [4,4,12,12],
                    "texture": "#inside"
                },
                "west": {
                    "uv": [0,0,16,13],
                    "texture": "#side",
                    "cullface": "west"
                },
                "east": {
                    "uv": [0,0,16,13],
                    "texture": "#side",
                    "cullface": "east"
                },
                "north": {
                    "uv": [2,0,0,13],
                    "texture": "#side",
                    "cullface": "north"
                },
                "south": {
                    "uv": [0,0,2,13],
                    "texture": "#side",
                    "cullface": "south"
                }
            }
        },
        {
            "from": [14,3,0],
            "to": [16,16,16],
            "faces": {
                "up": {
                    "texture": "#top",
                    "cullface": "up"
                },
                "down": {
                    "texture": "#top"
                },
                "west": {
                    "texture": "#wall"
                },
                "east": {
                    "texture": "#side",
                    "cullface": "east"
                },
                "north": {
                    "uv": [0,0,2,13],
                    "texture": "#side",
                    "cullface": "north"
                },
                "south": {
                    "texture": "#side",
                    "cullface": "south"
                }
            }
        },
        {
            "from": [2,3,0],
            "to": [14,16,2],
            "faces": {
                "up": {
                    "texture": "#top",
                    "cullface": "up"
                },
                "down": {
                    "texture": "#top"
                },
                "west": {
                    "texture": "#side",
                    "cullface": "west"
                },
                "east": {
                    "texture": "#side",
                    "cullface": "east"
                },
                "north": {
                    "texture": "#side",
                    "cullface": "north"
                },
                "south": {
                    "texture": "#wall"
                }
            }
        },
        {
            "from": [2,3,14],
            "to": [14,16,16],
            "faces": {
                "up": {
                    "texture": "#top",
                    "cullface": "up"
                },
                "down": {
                    "texture": "#top"
                },
                "west": {
                    "texture": "#side",
                    "cullface": "west"
                },
                "east": {
                    "texture": "#side",
                    "cullface": "east"
                },
                "north": {
                    "uv": [2,0,14,13],
                    "texture": "#wall"
                },
                "south": {
                    "texture": "#side",
                    "cullface": "south"
                }
            }
        },
        {
            "from": [0,0,0],
            "to": [4,3,2],
            "faces": {
                "down": {
                    "uv": [0,14,4,16],
                    "texture": "#bottom",
                    "cullface": "down"
                },
                "west": {
                    "texture": "#side",
                    "cullface": "west"
                },
                "east": {
                    "uv": [14,13,16,16],
                    "texture": "#foot"
                },
                "north": {
                    "uv": [12,13,16,16],
                    "texture": "#side",
                    "cullface": "north"
                },
                "south": {
                    "uv": [0,13,4,16],
                    "texture": "#foot"
                }
            }
        },
        {
            "from": [0,0,2],
            "to": [2,3,4],
            "faces": {
                "down": {
                    "uv": [0,12,2,14],
                    "texture": "#bottom",
                    "cullface": "down"
                },
                "west": {
                    "texture": "#side",
                    "cullface": "west"
                },
                "east": {
                    "uv": [14,13,16,16],
                    "texture": "#foot"
                },
                "north": {
                    "uv": [2,13,0,16],
                    "texture": "#side",
                    "cullface": "north"
                },
                "south": {
                    "texture": "#foot"
                }
            }
        },
        {
            "from": [12,0,0],
            "to": [16,3,2],
            "faces": {
                "up": {
                    "uv": [0,0,2,16],
                    "texture": "#top",
                    "cullface": "up"
                },
                "down": {
                    "uv": [12,14,16,16],
                    "texture": "#bottom",
                    "cullface": "down"
                },
                "west": {
                    "texture": "#foot"
                },
                "east": {
                    "uv": [14,13,16,16],
                    "texture": "#side",
                    "cullface": "east"
                },
                "north": {
                    "uv": [0,13,4,16],
                    "texture": "#side",
                    "cullface": "north"
                },
                "south": {
                    "uv": [12,13,16,16],
                    "texture": "#foot"
                }
            }
        },
        {
            "from": [14,0,2],
            "to": [16,3,4],
            "faces": {
                "up": {
                    "uv": [0,0,2,16],
                    "texture": "#top"
                },
                "down": {
                    "uv": [14,12,16,14],
                    "texture": "#bottom",
                    "cullface": "down"
                },
                "west": {
                    "uv": [2,13,0,16],
                    "texture": "#foot"
                },
                "east": {
                    "uv": [12,13,14,16],
                    "texture": "#side",
                    "cullface": "east"
                },
                "north": {
                    "uv": [2,13,0,16],
                    "texture": "#foot"
                },
                "south": {
                    "uv": [14,13,16,16],
                    "texture": "#foot"
                }
            }
        },
        {
            "from": [0,0,14],
            "to": [4,3,16],
            "faces": {
                "down": {
                    "uv": [0,0,4,2],
                    "texture": "#bottom",
                    "cullface": "down"
                },
                "west": {
                    "texture": "#side",
                    "cullface": "west"
                },
                "east": {
                    "uv": [0,13,2,16],
                    "texture": "#foot"
                },
                "north": {
                    "uv": [16,13,12,16],
                    "texture": "#foot"
                },
                "south": {
                    "texture": "#side",
                    "cullface": "south"
                }
            }
        },
        {
            "from": [0,0,12],
            "to": [2,3,14],
            "faces": {
                "down": {
                    "uv": [0,2,2,4],
                    "texture": "#bottom",
                    "cullface": "down"
                },
                "west": {
                    "texture": "#side",
                    "cullface": "west"
                },
                "east": {
                    "uv": [0,13,2,16],
                    "texture": "#foot"
                },
                "north": {
                    "uv": [16,13,14,16],
                    "texture": "#foot"
                },
                "south": {
                    "texture": "#side"
                }
            }
        },
        {
            "from": [12,0,14],
            "to": [16,3,16],
            "faces": {
                "up": {
                    "uv": [14,0,16,16],
                    "texture": "#top"
                },
                "down": {
                    "uv": [12,0,16,2],
                    "texture": "#bottom",
                    "cullface": "down"
                },
                "west": {
                    "uv": [14,13,16,16],
                    "texture": "#foot"
                },
                "east": {
                    "uv": [0,13,2,16],
                    "texture": "#side",
                    "cullface": "east"
                },
                "north": {
                    "uv": [4,13,0,16],
                    "texture": "#foot"
                },
                "south": {
                    "texture": "#side",
                    "cullface": "south"
                }
            }
        },
        {
            "from": [14,0,12],
            "to": [16,3,14],
            "faces": {
                "up": {
                    "uv": [14,0,16,16],
                    "texture": "#top"
                },
                "down": {
                    "uv": [14,2,16,4],
                    "texture": "#bottom",
                    "cullface": "down"
                },
                "west": {
                    "uv": [16,13,14,16],
                    "texture": "#foot"
                },
                "east": {
                    "uv": [2,13,4,16],
                    "texture": "#side",
                    "cullface": "east"
                },
                "north": {
                    "uv": [2,13,0,16],
                    "texture": "#foot"
                },
                "south": {
                    "texture": "#side"
                }
            }
        },
        {
            "from": [2,15,2],
            "to": [14,15,14],
            "faces": {
                "up": {
                    "uv": [2,2,14,14],
                    "texture": "#water"
                }
            }
        }
    ]
}