{
    "textures": {
        "top": "blocks/comparator_on",
        "lit": "blocks/redstone_torch_on",
        "particle": "blocks/comparator_on",
        "unlit": "blocks/redstone_torch_off",
        "slab": "blocks/stone_slab_top",
        "side": "blocks/repeater_side"
    },
    "elements": [
        {
            "from": [0,0,0],
            "to": [16,2,16],
            "faces": {
                "up": {
                    "texture": "#top"
                },
                "down": {
                    "texture": "#slab",
                    "cullface": "down"
                },
                "west": {
                    "texture": "#side",
                    "cullface": "west"
                },
                "east": {
                    "texture": "#side",
                    "cullface": "east"
                },
                "north": {
                    "texture": "#side",
                    "cullface": "north"
                },
                "south": {
                    "texture": "#side",
                    "cullface": "south"
                }
            }
        },
        {
            "from": [7,2,2],
            "to": [9,4,4],
            "faces": {
                "up": {
                    "uv": [7,6,9,8],
                    "texture": "#unlit"
                },
                "down": {
                    "uv": [7,13,9,15],
                    "texture": "#unlit"
                },
                "west": {
                    "uv": [7,6,9,8],
                    "texture": "#unlit"
                },
                "east": {
                    "uv": [7,6,9,8],
                    "texture": "#unlit"
                },
                "north": {
                    "uv": [7,6,9,8],
                    "texture": "#unlit"
                },
                "south": {
                    "uv": [7,6,9,8],
                    "texture": "#unlit"
                }
            }
        },
        {
            "from": [10,2,11],
            "to": [12,7,13],
            "faces": {
                "up": {
                    "uv": [7,6,9,8],
                    "texture": "#lit"
                },
                "west": {
                    "uv": [7,6,9,11],
                    "texture": "#lit"
                },
                "east": {
                    "uv": [7,6,9,11],
                    "texture": "#lit"
                },
                "north": {
                    "uv": [7,6,9,11],
                    "texture": "#lit"
                },
                "south": {
                    "uv": [7,6,9,11],
                    "texture": "#lit"
                }
            }
        },
        {
            "from": [4,2,11],
            "to": [6,7,13],
            "faces": {
                "up": {
                    "uv": [7,6,9,8],
                    "texture": "#lit"
                },
                "west": {
                    "uv": [7,6,9,11],
                    "texture": "#lit"
                },
                "east": {
                    "uv": [7,6,9,11],
                    "texture": "#lit"
                },
                "north": {
                    "uv": [7,6,9,11],
                    "texture": "#lit"
                },
                "south": {
                    "uv": [7,6,9,11],
                    "texture": "#lit"
                }
            }
        }
    ]
}