{   "parent": "block/block",
    "textures": {
        "particle": "blocks/dirt",
        "farmland_wet": "blocks/farmland_wet",
        "dirt": "blocks/dirt",
        "farmland_side": "blocks/farmland_side"
    },
    "elements": [
        {
            "from": [0,0,0],
            "to": [16,15,16],
            "faces": {
                "up": {
                    "texture": "#farmland_wet"
                },
                "down": {
                    "uv": [0,16,16,0],
                    "texture": "#dirt",
                    "cullface": "down"
                },
                "west": {
                    "texture": "#farmland_side",
                    "cullface": "west"
                },
                "east": {
                    "texture": "#farmland_side",
                    "cullface": "east"
                },
                "north": {
                    "texture": "#farmland_side",
                    "cullface": "north"
                },
                "south": {
                    "texture": "#farmland_side",
                    "cullface": "south"
                }
            }
        }
    ]
}