{
    "ambientocclusion": false,
    "textures": {
        "particle": "blocks/lever_stone",
        "lever": "blocks/lever",
        "lever_stone": "blocks/lever_stone"
    },
    "elements": [
        {   "from": [ 5, 0, 4 ],
            "to": [ 11, 3, 12 ],
            "faces": {
                "down":  { "uv": [ 0, 8,  6, 16 ], "texture": "#lever_stone" },
                "up":    { "uv": [ 0, 0,  6,  8 ], "texture": "#lever_stone" },
                "north": { "uv": [ 10, 4, 16, 7 ], "texture": "#lever_stone" },
                "south": { "uv": [ 10, 4, 16, 7 ], "texture": "#lever_stone" },
                "west":  { "uv": [ 8, 0, 16,  3 ], "texture": "#lever_stone" },
                "east":  { "uv": [ 8, 0, 16,  3 ], "texture": "#lever_stone" }
            }
        },
        {   "from": [ 7, 1, 7 ],
            "to": [ 9, 11, 9 ],
            "rotation": { "origin": [ 8, 1, 8 ], "axis": "x", "angle": 45 },
            "faces": {
                "down":  { "uv": [ 7, 6, 9,  8 ], "texture": "#lever" },
                "up":    { "uv": [ 7, 6, 9,  8 ], "texture": "#lever" },
                "north": { "uv": [ 7, 6, 9, 16 ], "texture": "#lever" },
                "south": { "uv": [ 7, 6, 9, 16 ], "texture": "#lever" },
                "west":  { "uv": [ 7, 6, 9, 16 ], "texture": "#lever" },
                "east":  { "uv": [ 7, 6, 9, 16 ], "texture": "#lever" }
            }
        }
    ]
}
