{
    "ambientocclusion": false,
    "textures": {
        "particle": "blocks/piston_top_normal",
        "platform": "blocks/piston_top_normal",
        "side_left": "blocks/piston_side_left",
        "side_right": "blocks/piston_side_right",
        "side_up": "blocks/piston_side",
        "side_down": "blocks/piston_side_down",
        "hand_left": "blocks/piston_hand_left",
        "hand_right": "blocks/piston_hand_right",
        "hand_up": "blocks/piston_hand_up",
        "hand_down": "blocks/piston_hand_down"
    },
    "elements": [
        {
            "from": [0,12,0],
            "to": [16,16,16],
            "faces": {
                "up": {
                    "uv": [0,0,16,16],
                    "texture": "#platform",
                    "cullface": "up"
                },
                "down": {
                    "uv": [0,16,16,0],
                    "texture": "#platform"
                },
                "west": {
                    "uv": [0,0,16,4],
                    "texture": "#side_up",
                    "cullface": "west"
                },
                "east": {
                    "uv": [0,0,16,4],
                    "texture": "#side_up",
                    "cullface": "east"
                },
                "north": {
                    "texture": "#side_up",
                    "cullface": "north"
                },
                "south": {
                    "uv": [0,0,16,4],
                    "texture": "#side_up",
                    "cullface": "south"
                }
            }
        },
        {
            "from": [6,4,6],
            "to": [10,12,10],
            "faces": {
                "west": {
                    "uv": [2,0,6,8],
                    "texture": "#hand_up"
                },
                "east": {
                    "uv": [2,0,6,8],
                    "texture": "#hand_up"
                },
                "north": {
                    "uv": [2,0,6,8],
                    "texture": "#hand_up"
                },
                "south": {
                    "uv": [2,0,6,8],
                    "texture": "#hand_up"
                }
            }
        },
        {
            "from": [5,0,5],
            "to": [11,4,11],
            "faces": {
                "up": {
                    "uv": [9,1,15,7],
                    "texture": "#hand_up"
                },
                "west": {
                    "uv": [1,8,7,12],
                    "texture": "#hand_up"
                },
                "east": {
                    "uv": [1,8,7,12],
                    "texture": "#hand_up"
                },
                "north": {
                    "uv": [1,8,7,12],
                    "texture": "#hand_up"
                },
                "south": {
                    "uv": [1,8,7,12],
                    "texture": "#hand_up"
                }
            }
        }
    ]
}