{
    "ambientocclusion": false,
    "textures": {
        "particle": "blocks/piston_top_sticky",
        "platform": "blocks/piston_top_normal",
        "side_left": "blocks/piston_side_left",
        "side_right": "blocks/piston_side_right",
        "side_up": "blocks/piston_side_fl",
        "side_down": "blocks/piston_side_down",
        "hand_left": "blocks/piston_hand_left",
        "hand_right": "blocks/piston_hand_right",
        "hand_up": "blocks/piston_hand_up_fl",
        "hand_down": "blocks/piston_hand_down",
        "platform_sticky": "blocks/piston_top_sticky"
    },
    "elements": [
        {
            "from": [0,0,12],
            "to": [16,16,16],
            "faces": {
                "up": {
                    "uv": [0,12,16,16],
                    "texture": "#side_down",
                    "cullface": "up"
                },
                "down": {
                    "uv": [0,16,16,12],
                    "texture": "#side_up",
                    "cullface": "down"
                },
                "west": {
                    "uv": [0,0,4,16],
                    "texture": "#side_left",
                    "cullface": "west"
                },
                "east": {
                    "uv": [12,0,16,16],
                    "texture": "#side_right",
                    "cullface": "east"
                },
                "north": {
                    "texture": "#platform"
                },
                "south": {
                    "uv": [0.0,0.0,16.0,16.0],
                    "texture": "#platform_sticky",
                    "cullface": "south"
                }
            }
        },
        {
            "from": [6,6,4],
            "to": [10,10,12],
            "faces": {
                "up": {
                    "uv": [2,8,6,16],
                    "texture": "#hand_down"
                },
                "down": {
                    "uv": [2,16,6,8],
                    "texture": "#hand_up"
                },
                "west": {
                    "uv": [8,10,16,14],
                    "texture": "#hand_right"
                },
                "east": {
                    "uv": [0,10,8,14],
                    "texture": "#hand_left"
                }
            }
        },
        {
            "from": [5,5,0],
            "to": [11,11,4],
            "faces": {
                "up": {
                    "uv": [1,4,7,8],
                    "texture": "#hand_down"
                },
                "down": {
                    "uv": [1,8,7,4],
                    "texture": "#hand_up"
                },
                "west": {
                    "uv": [4,9,8,15],
                    "texture": "#hand_right"
                },
                "east": {
                    "uv": [8,9,12,15],
                    "texture": "#hand_left"
                },
                "south": {
                    "uv": [9,1,15,7],
                    "texture": "#hand_down"
                }
            }
        }
    ]
}