{
    "ambientocclusion": false,
    "textures": {
        "particle": "blocks/piston_top_sticky",
        "platform": "blocks/piston_top_normal",
        "side_left": "blocks/piston_side_left",
        "side_right": "blocks/piston_side_right",
        "side_up": "blocks/piston_side",
        "side_down": "blocks/piston_side_down",
        "hand_left": "blocks/piston_hand_left",
        "hand_right": "blocks/piston_hand_right",
        "hand_up": "blocks/piston_hand_up",
        "hand_down": "blocks/piston_hand_down",
        "platform_sticky_fl": "blocks/piston_top_sticky_fl",
        "hand_up_fl": "blocks/piston_hand_up_fl"
    },
    "elements": [
        {
            "from": [0,0,0],
            "to": [16,4,16],
            "faces": {
                "up": {
                    "uv": [0,0,16,16],
                    "texture": "#platform"
                },
                "down": {
                    "uv": [0,16,16,0],
                    "texture": "#platform_sticky_fl",
                    "cullface": "down"
                },
                "west": {
                    "uv": [0,12,16,16],
                    "texture": "#side_down",
                    "cullface": "west"
                },
                "east": {
                    "uv": [0,12,16,16],
                    "texture": "#side_down",
                    "cullface": "east"
                },
                "north": {
                    "texture": "#side_down",
                    "cullface": "north"
                },
                "south": {
                    "uv": [0,12,16,16],
                    "texture": "#side_down",
                    "cullface": "south"
                }
            }
        },
        {
            "from": [6,4,6],
            "to": [10,12,10],
            "faces": {
                "west": {
                    "uv": [2,8,6,16],
                    "texture": "#hand_down"
                },
                "east": {
                    "uv": [2,8,6,16],
                    "texture": "#hand_down"
                },
                "north": {
                    "uv": [2,8,6,16],
                    "texture": "#hand_down"
                },
                "south": {
                    "uv": [2,8,6,16],
                    "texture": "#hand_down"
                }
            }
        },
        {
            "from": [5,12,5],
            "to": [11,16,11],
            "faces": {
                "down": {
                    "uv": [9,15,15,9],
                    "texture": "#hand_up_fl"
                },
                "west": {
                    "uv": [1,4,7,8],
                    "texture": "#hand_down"
                },
                "east": {
                    "uv": [1,4,7,8],
                    "texture": "#hand_down"
                },
                "north": {
                    "uv": [1,4,7,8],
                    "texture": "#hand_down"
                },
                "south": {
                    "uv": [1,4,7,8],
                    "texture": "#hand_down"
                }
            }
        }
    ]
}