{
    "textures": {
        "particle": "blocks/piston_top_normal",
        "top": "blocks/piston_top_normal",
        "side": "blocks/piston_side_fl",
        "bottom": "blocks/piston_bottom",
        "side_down": "blocks/piston_side_down",
        "side_left": "blocks/piston_side_left",
        "side_right": "blocks/piston_side_right",
        "inner": "blocks/piston_inner"
    },
    "elements": [
        {
            "from": [0,0,0],
            "to": [16,16,12],
            "faces": {
                "up": {
                    "uv": [0,0,16,12],
                    "texture": "#side_down",
                    "cullface": "up"
                },
                "down": {
                    "uv": [0,12,16,0],
                    "texture": "#side",
                    "cullface": "down"
                },
                "west": {
                    "uv": [0,0,12,16],
                    "texture": "#side_right",
                    "cullface": "west"
                },
                "east": {
                    "uv": [4,0,16,16],
                    "texture": "#side_left",
                    "cullface": "east"
                },
                "north": {
                    "uv": [0,0,16,16],
                    "texture": "#bottom",
                    "cullface": "north"
                },
                "south": {
                    "texture": "#inner"
                }
            }
        }
    ]
}