{
    "ambientocclusion": false,
    "textures": {
        "particle": "blocks/piston_top_sticky",
        "platform": "blocks/piston_top_normal",
        "side_left": "blocks/piston_side_left",
        "side_right": "blocks/piston_side_right",
        "side_up": "blocks/piston_side",
        "side_down": "blocks/piston_side_down",
        "hand_left": "blocks/piston_hand_left",
        "hand_right": "blocks/piston_hand_right",
        "hand_up": "blocks/piston_hand_up",
        "hand_down": "blocks/piston_hand_down",
        "side_left_fl": "blocks/piston_side_left_fl",
        "hand_left_fl": "blocks/piston_hand_left_fl",
        "platform_sticky": "blocks/piston_top_sticky"
    },
    "elements": [
        {
            "from": [0,0,0],
            "to": [4,16,16],
            "faces": {
                "up": {
                    "uv": [0,0,4,16],
                    "texture": "#side_left",
                    "cullface": "up"
                },
                "down": {
                    "uv": [0,16,4,0],
                    "texture": "#side_left_fl",
                    "cullface": "down"
                },
                "west": {
                    "texture": "#platform_sticky",
					"cullface": "west"
                },
                "east": {
                    "texture": "#platform"
                },
                "north": {
                    "uv": [12,0,16,16],
                    "texture": "#side_right",
                    "cullface": "north"
                },
                "south": {
                    "uv": [0,0,4,16],
                    "texture": "#side_left",
                    "cullface": "south"
                }
            }
        },
        {
            "from": [4,6,6],
            "to": [12,10,10],
            "faces": {
                "up": {
                    "uv": [0,10,8,14],
                    "texture": "#hand_left"
                },
                "down": {
                    "uv": [0,6,8,2],
                    "texture": "#hand_left_fl"
                },
                "north": {
                    "uv": [8,10,16,14],
                    "texture": "#hand_right"
                },
                "south": {
                    "uv": [0,10,8,14],
                    "texture": "#hand_left"
                }
            }
        },
        {
            "from": [12,5,5],
            "to": [16,11,11],
            "faces": {
                "up": {
                    "uv": [8,9,12,15],
                    "texture": "#hand_left"
                },
                "down": {
                    "uv": [8,7,12,1],
                    "texture": "#hand_left_fl"
                },
                "west": {
                    "uv": [9,1,15,7],
                    "texture": "#hand_up"
                },
                "north": {
                    "uv": [4,9,8,15],
                    "texture": "#hand_right"
                },
                "south": {
                    "uv": [8,9,12,15],
                    "texture": "#hand_left"
                }
            }
        }
    ]
}