{
"ambientocclusion": false,
    "textures": {
        "particle": "blocks/redstone_dust_dot",
        "0": "blocks/redstone_dust_line0",
        "1": "blocks/redstone_dust_line1"
				},
    "elements": [
		{
		"name": "linepartu",
		"from": [ 6.0, 0.0, 1.0 ], 
		"to": [ 10.0, 0.9, 8.0 ], 
		"shade": false,
		"faces":{
		    "north": { "texture": "#0", "uv": [ 6.5, 0.0, 9.5, 16.0 ], "tintindex": 0 },
			"east": { "texture": "#0", "uv": [ 6.5, 0.0, 9.5, 16.0 ], "tintindex": 0, "rotation": 90 },
			"south": { "texture": "#0", "uv": [ 6.5, 0.0, 9.5, 16.0 ], "tintindex": 0 },
			"west": { "texture": "#0", "uv": [ 6.5, 16.0, 9.5, 0.0 ], "tintindex": 0 , "rotation": 90 },
			"up": { "texture": "#0", "uv": [ 6.5, 0.0, 9.5, 8.0 ], "tintindex": 0 },
			"down": { "texture": "#0", "uv": [ 6.5, 0.0, 9.5, 8.0 ], "tintindex": 0 }
				}
		},
        {
            "name": "lineupu",
            "from": [ 6.0, 0.0, 0.0 ], 
            "to": [ 10.0, 0.9, 1.0 ], 
            "shade": false,
            "faces":{
                "north": { "texture": "0", "uv": [ 6.5, 0.0, 9.5, 16.0 ], "tintindex": 0 },
                "east": { "texture": "#1", "uv": [ 6.17, 3.5, 9.5, 0.5 ], "rotation": 0, "tintindex": 0 },
                "west": { "texture": "#1", "uv": [ 9.8, 12.43, 6.5, 15.5 ], "rotation": 180, "tintindex": 0 },
                "up": { "texture": "#0", "uv": [ 6.5, 0.0, 9.5, 16.0 ], "tintindex": 0 },
                "down": { "texture": "#1", "uv": [ 6.5, 0.0, 9.5, 8.0 ], "tintindex": 0 }
					}
        }
				]
}