{
    "ambientocclusion": false,
    "textures": {
        "particle": "blocks/redstone_dust_cross",
        "cross": "blocks/redstone_dust_cross",
        "crossoverlay": "blocks/redstone_dust_cross_overlay",
        "line": "blocks/redstone_dust_line",
        "lineoverlay": "blocks/redstone_dust_line_overlay",
		"line_fl": "blocks/redstone_dust_line_fl",
        "lineoverlay_fl": "blocks/redstone_dust_line_overlay_fl"
    },
    "elements": [
        {   "from": [ 0, 0.01, 0 ],
            "to": [ 16, 0.01, 16 ],
            "shade": false,
            "faces": {
                "up":    { "uv": [ 0, 0, 16, 16 ], "texture": "#line_fl", "tintindex": 0 }
            }
        },
        {   "from": [ 0, 0.01, 0 ],
            "to": [ 16, 0.01, 16 ],
            "shade": false,
            "faces": {
                "up":    { "uv": [ 0, 0, 16, 16 ], "texture": "#lineoverlay_fl" }
            }
        },
        {   "from": [ 0, 0, 0.01 ],
            "to": [ 16, 16, 0.01 ],
            "shade": false,
            "faces": {
                "south": { "uv": [ 0, 0, 16, 16 ], "texture": "#line_fl", "tintindex": 0 }
            }
        },
        {   "from": [ 0, 0, 0.01 ],
            "to": [ 16, 16, 0.01 ],
            "shade": false,
            "faces": {
                "south": { "uv": [ 0, 0, 16, 16 ], "texture": "#lineoverlay_fl" }
            }
        },
        {   "from": [ 0, 0, 15.99 ],
            "to": [ 16, 16, 15.99 ],
            "shade": false,
            "faces": {
                "north": { "uv": [ 0, 0, 16, 16 ], "texture": "#line_fl", "tintindex": 0 }
            }
        },
        {   "from": [ 0, 0, 15.99 ],
            "to": [ 16, 16, 15.99 ],
            "shade": false,
            "faces": {
                "north": { "uv": [ 0, 0, 16, 16 ], "texture": "#lineoverlay_fl" }
            }
        }
    ]
}
