{
"ambientocclusion": false,
    "textures": {
        "particle": "blocks/redstone_dust_dot",
        "0": "blocks/redstone_dust_line0",
        "1": "blocks/redstone_dust_line1"
				},
    "elements": [
        {
            "name": "lineup",
            "from": [ 6.0, 0.9, 0.0 ], 
            "to": [ 10.0, 16.0, 0.9 ], 
            "shade": false,
            "faces":{
			"north": { "texture": "#0", "uv": [ 9.5, 0.0, 6.5, 16.0 ], "tintindex": 0 },
			"east": { "texture": "#0", "uv": [ 6.5, 0.0, 9.5, 8.0 ], "tintindex": 0 },
			"south": { "texture": "#0", "uv": [ 9.5, 0.0, 6.5, 16.0 ], "tintindex": 0 },
			"west": { "texture": "#0", "uv": [ 6.5, 0.0, 9.5, 16.0 ], "tintindex": 0 },
			"up": { "texture": "#0", "uv": [ 9.5, 0.0, 6.5, 16.0 ], "tintindex": 0 }
					}
        },
        {
            "name": "lineupm",
            "from": [ 6.0, 16.0, 0.0 ], 
            "to": [ 10.0, 16.9, 0.9 ], 
            "shade": false,
            "faces":{
                "north": { "texture": "0", "uv": [ 9.5, 3.0, 6.5, 2.0 ], "tintindex": 0 },
                "east": { "texture": "#1", "uv": [ 6.5, 12.0, 9.5, 16.0 ], "tintindex": 0 },
                "south": { "texture": "#0", "uv": [ 9.5, 0.0, 6.5, 16.0 ], "tintindex": 0 },
                "west": { "texture": "#1", "uv": [ 6.5, 0.0, 9.5, 4.0 ], "tintindex": 0 },
                "up": { "texture": "#0", "uv": [ 9.5, 0.0, 6.5, 16.0 ], "tintindex": 0 }
					}
        }
				]
}