{
"ambientocclusion": false,
	"textures": {
		"particle": "blocks/redstone_dust_dot",
		"linepartli": "blocks/redstone_dust_line0"
				},
	"elements": [
		{
		"name": "linepartli",
		"from": [ 6.0, 0.0, 8.0 ], 
		"to": [ 10.0, 0.9, 16.0 ], 
		"shade": false,
		"faces":{
			"east": { "texture": "#linepartli", "uv": [ 6.0, 0.0, 10.0, 16.0 ], "tintindex": 0, "rotation": 90 },
			"south": { "texture": "#linepartli", "uv": [ 6.5, 0.0, 9.5, 16.0 ], "tintindex": 0 },
			"west": { "texture": "#linepartli", "uv": [ 6.0, 16.0, 10.0, 0.0 ], "tintindex": 0 , "rotation": 90 },
			"up": { "texture": "#linepartli", "uv": [ 6.5, 0.0, 9.5, 8.0 ], "tintindex": 0 },
			"down": { "texture": "#linepartli", "uv": [ 6.5, 0.0, 9.5, 8.0 ], "tintindex": 0 }
				}
		}
				]
}