{
"ambientocclusion": false,
    "textures": {
		"particle": "blocks/redstone_dust_dot",
        "0": "blocks/redstone_dust_dot"
    },
    "elements": [
        {
            "name": "quad",
            "from": [ 5.75, -0.1, 5.75 ], 
            "to": [ 10.25, 1.0, 10.25 ], 
            "shade": false,
            "faces": {
                "up": { "texture": "#0", "uv": [ 5.5, 5.5, 10.5, 10.5 ], "tintindex": 0 },
                "down": { "texture": "#0", "uv": [ 5.5, 5.5, 10.5, 10.5 ], "tintindex": 0 }
            }
        },
        {
            "name": "slice1",
            "from": [ 5.75, -0.1, 5.0 ], 
            "to": [ 10.25, 1.0, 5.75 ], 
            "shade": false,
            "faces": {
                "north": { "texture": "#0", "uv": [ 6.25, 6.25, 9.75, 9.75 ], "tintindex": 0 },
                "east": { "texture": "#0", "uv": [ 8.0, 5.0, 8.7, 6.0 ], "tintindex": 0, "rotation": 270 },
                "west": { "texture": "#0", "uv": [ 8.0, 5.0, 8.7, 6.0 ], "tintindex": 0, "rotation": 90 },
                "up": { "texture": "#0", "uv": [ 6.0, 9.5, 10.0, 11.0 ], "tintindex": 0 },
                "down": { "texture": "#0", "uv": [ 6.0, 9.5, 10.0, 11.0 ], "tintindex": 0, "rotation": 180 }
            }
        },
        {
            "name": "slice2",
            "from": [ 5.75, -0.1, 10.25 ], 
            "to": [ 10.25, 1.0, 11.0 ], 
            "shade": false,
            "faces": {
                "east": { "texture": "#0", "uv": [ 8.0, 5.0, 8.7, 6.0 ], "tintindex": 0, "rotation": 90 },
                "south": { "texture": "#0", "uv": [ 6.25, 6.25, 9.75, 9.75 ], "tintindex": 0 },
                "west": { "texture": "#0", "uv": [ 8.0, 5.0, 8.7, 6.0 ], "tintindex": 0, "rotation": 270 },
                "up": { "texture": "#0", "uv": [ 6.0, 9.5, 10.0, 11.0 ], "tintindex": 0, "rotation": 180 },
                "down": { "texture": "#0", "uv": [ 6.0, 9.5, 10.0, 11.0 ], "tintindex": 0 }
            }
        },
        {
            "name": "slice3",
            "from": [ 5.0, -0.1, 5.75 ], 
            "to": [ 5.75, 1.0, 10.25 ], 
            "shade": false,
            "faces": {
                "north": { "texture": "#0", "uv": [ 8.0, 5.0, 8.7, 6.0 ], "tintindex": 0, "rotation": 270  },
                "south": { "texture": "#0", "uv": [ 8.0, 5.0, 8.7, 6.0 ], "tintindex": 0, "rotation": 90 },
                "west": { "texture": "#0", "uv": [ 6.25, 6.25, 9.75, 9.75 ], "tintindex": 0 },
                "up": { "texture": "#0", "uv": [ 6.0, 9.5, 10.0, 11.0 ], "tintindex": 0, "rotation": 270 },
                "down": { "texture": "#0", "uv": [ 6.0, 9.5, 10.0, 11.0 ], "tintindex": 0, "rotation": 270 }
            }
        },
        {
            "name": "slice4",
            "from": [ 10.25, -0.1, 5.75 ], 
            "to": [ 11.0, 1.0, 10.25 ], 
            "shade": false,
            "faces": {
                "north": { "texture": "#0", "uv": [ 8.0, 5.0, 8.7, 6.0 ], "tintindex": 0, "rotation": 90 },
                "east": { "texture": "#0", "uv": [ 6.25, 6.25, 9.75, 9.75 ], "tintindex": 0 },
                "south": { "texture": "#0", "uv": [ 8.0, 5.0, 8.7, 6.0 ], "tintindex": 0, "rotation": 270  },
                "up": { "texture": "#0", "uv": [ 6.0, 9.5, 10.0, 11.0 ], "tintindex": 0, "rotation": 90 },
                "down": { "texture": "#0", "uv": [ 6.0, 9.5, 10.0, 11.0 ], "tintindex": 0, "rotation": 90 }
            }
        }
    ]
}