{
    "textures": {
        "side": "blocks/repeater_side",
        "top": "blocks/repeater_off_down",
        "lit": "blocks/redstone_torch_on",
        "particle": "blocks/repeater_off_down",
        "unlit": "blocks/redstone_torch_off",
        "top_on": "blocks/repeater_on_down",
        "slab": "blocks/stone_slab_top",
        "lock": "blocks/repeater_lock"
    },
    "elements": [
        {
            "from": [0,0,0],
            "to": [16,2,16],
            "faces": {
                "up": {
                    "texture": "#top"
                },
                "down": {
                    "texture": "#slab",
                    "cullface": "down"
                },
                "west": {
                    "texture": "#side",
                    "cullface": "west"
                },
                "east": {
                    "texture": "#side",
                    "cullface": "east"
                },
                "north": {
                    "texture": "#side",
                    "cullface": "north"
                },
                "south": {
                    "texture": "#side",
                    "cullface": "south"
                }
            }
        },
        {
            "from": [7,2,12],
            "to": [9,7,14],
            "faces": {
                "up": {
                    "uv": [7,6,9,8],
                    "texture": "#unlit"
                },
                "west": {
                    "uv": [7,6,9,11],
                    "texture": "#unlit"
                },
                "east": {
                    "uv": [7,6,9,11],
                    "texture": "#unlit"
                },
                "north": {
                    "uv": [7,6,9,11],
                    "texture": "#unlit"
                },
                "south": {
                    "uv": [7,6,9,11],
                    "texture": "#unlit"
                }
            }
        },
        {
            "from": [5,2,4],
            "to": [11,4,6],
            "faces": {
                "up": {
                    "uv": [0,14,6,16],
                    "texture": "#lock"
                },
                "west": {
                    "uv": [0,14,2,16],
                    "texture": "#lock"
                },
                "east": {
                    "uv": [0,14,2,16],
                    "texture": "#lock"
                },
                "north": {
                    "uv": [0,14,6,16],
                    "texture": "#lock"
                },
                "south": {
                    "uv": [0,14,6,16],
                    "texture": "#lock"
                }
            }
        }
    ]
}