{
    "parent": "block/block",
    "ambientocclusion": false,
    "textures": {
        "particle": "blocks/wooden_button",
        "wooden_button": "blocks/wooden_button"
    },
    "elements": [
        {
            "from": [5,6,6],
            "to": [11,10,10],
            "faces": {
                "up": {
                    "uv": [0,0,6,4],
                    "texture": "#wooden_button"
                },
                "down": {
                    "uv": [0,0,6,4],
                    "texture": "#wooden_button"
                },
                "west": {
                    "uv": [12,11,16,15],
                    "texture": "#wooden_button"
                },
                "east": {
                    "uv": [12,11,16,15],
                    "texture": "#wooden_button"
                },
                "north": {
                    "uv": [10,6,16,10],
                    "texture": "#wooden_button"
                },
                "south": {
                    "uv": [10,6,16,10],
                    "texture": "#wooden_button"
                }
            }
        }
    ]
}