{
    "ambientocclusion": false,
    "textures": {
        "particle": "blocks/wooden_button",
        "wooden_button": "blocks/wooden_button"
    },
    "elements": [
        {
            "from": [5,0,6],
            "to": [11,2,10],
            "faces": {
                "up": {
                    "uv": [0,0,6,4],
                    "texture": "#wooden_button"
                },
                "down": {
                    "uv": [0,0,6,4],
                    "texture": "#wooden_button",
                    "cullface": "down"
                },
                "west": {
                    "uv": [12,3,16,5],
                    "texture": "#wooden_button"
                },
                "east": {
                    "uv": [12,3,16,5],
                    "texture": "#wooden_button"
                },
                "north": {
                    "uv": [10,0,16,2],
                    "texture": "#wooden_button"
                },
                "south": {
                    "uv": [10,0,16,2],
                    "texture": "#wooden_button"
                }
            }
        }
    ]
}