{
    "multipart": [


		{   "when": { "OR": [
				{"north": "none", "east": "none", "south": "none", "west": "none"},
				{"north": "side|up", "east": "side|up" },
				{"east": "side|up", "south": "side|up" },
				{"south": "side|up", "west": "side|up"},
				{"west": "side|up", "north": "side|up"}
            ]},
			"apply": { "model": "redstone_dot" }
		},



		{   "when": { "OR": [
				{ "north": "side" },
				{ "north": "none", "east": "none", "south": "side", "west": "none" }
            ]},
            "apply": { "model": "redstone_side0" }
		},
		{   "when": { "OR": [
				{ "south": "side" },
				{ "north": "side", "east": "none", "south": "none", "west": "none" }
							]},
            "apply": { "model": "redstone_side_alt0" }
        },
        {	"when": { "OR": [
                { "east": "side" },
                { "north": "none", "east": "none", "south": "none", "west": "side" }
							]},
            "apply": { "model": "redstone_side_alt1", "y": 270 }
        },
        {   "when": { "OR": [
                { "west": "side" },
                { "north": "none", "east": "side", "south": "none", "west": "none" }
							]},
            "apply": { "model": "redstone_side1", "y": 270 }
        },



		{   "when": { "OR": [
				{ "north": "up" },
				{ "north": "none", "east": "none", "south": "up", "west": "none" }
            ]},
            "apply": { "model": "redstone_side_ld" }
		},
		{   "when": { "OR": [
				{ "south": "up" },
				{ "north": "up", "east": "none", "south": "none", "west": "none" }
							]},
            "apply": { "model": "redstone_side_alt_ld" }
        },
        {	"when": { "OR": [
                { "east": "up" },
                { "north": "none", "east": "none", "south": "none", "west": "up" }
							]},
            "apply": { "model": "redstone_side_alt_ld", "y": 270 }
        },
        {   "when": { "OR": [
                { "west": "up" },
                { "north": "none", "east": "up", "south": "none", "west": "none" }
							]},
            "apply": { "model": "redstone_side_ld", "y": 270 }
        },		



        {   "when": { "north": "up" },
            "apply": { "model": "redstone_up" }
        },
		{   "when": { "east": "up" },
			"apply": { "model": "redstone_up", "y": 90 }
		},
		{   "when": { "south": "up" },
			"apply": { "model": "redstone_up", "y": 180 }
		},
		{   "when": { "west": "up" },
			"apply": { "model": "redstone_up", "y": 270 }
		},
		{	"when": { "power": 0 },
			"apply": { "model": "rspl-00"}
		}, 
		{	"when": { "power": 1 },
			"apply": { "model": "rspl-01"}
		},
		{	"when": { "power": 2 },
			"apply": { "model": "rspl-02"}
		},
		{	"when": { "power": 3 },
			"apply": { "model": "rspl-03"}
		},
		{	"when": { "power": 4 },
			"apply": { "model": "rspl-04"}
		},
		{	"when": { "power": 5 },
			"apply": { "model": "rspl-05"}
		},
		{	"when": { "power": 6 },
			"apply": { "model": "rspl-06"}
		},
		{   "when": { "power": 7 },
			"apply": { "model": "rspl-07"}
		},
		{	"when": { "power": 8 },
			"apply": { "model": "rspl-08"}
		},
		{	"when": { "power": 9 },
			"apply": { "model": "rspl-09"}
		},
		{	"when": { "power": 10 },
			"apply": { "model": "rspl-10"}
		},
		{	"when": { "power": 11 },
			"apply": { "model": "rspl-11"}
		},
		{	"when": { "power": 12 },
			"apply": { "model": "rspl-12"}
		},
		{	"when": { "power": 13 },
			"apply": { "model": "rspl-13"}
		},
		{	"when": { "power": 14 },
			"apply": { "model": "rspl-14"}
		},
		{	"when": { "power": 15 },
			"apply": { "model": "rspl-15"}
		}
				]
}
